Fecha,Competicion,Local,Visitante,Mercado,Pronostico,Real,ProbabilidadPronostico,Correcto,CorteEntrenamiento,Semilla
2026-05-03,POR,Sp Braga,Estoril,Resultado 1X2,LOCAL,EMPATE,0.6191011869701082,False,2026-05-03,20260916
2026-05-03,ENG,Aston Villa,Tottenham,Resultado 1X2,LOCAL,VISITANTE,0.5544800656945058,False,2026-05-03,20260916
2026-05-03,ESP,Getafe,Vallecano,Resultado 1X2,VISITANTE,VISITANTE,0.3651504148976896,True,2026-05-03,20260916
2026-05-03,ENG,Man United,Liverpool,Resultado 1X2,VISITANTE,LOCAL,0.4136124777719074,False,2026-05-03,20260916
2026-05-03,TUR,Karagumruk,Genclerbirligi,Resultado 1X2,LOCAL,LOCAL,0.5040403022154302,True,2026-05-03,20260916
2026-05-03,TUR,Antalyaspor,Alanyaspor,Resultado 1X2,VISITANTE,EMPATE,0.3831998136309424,False,2026-05-03,20260916
2026-05-03,POR,Casa Pia,Tondela,Resultado 1X2,EMPATE,VISITANTE,0.39162559633946914,False,2026-05-03,20260916
2026-05-04,ESP,Sevilla,Sociedad,Resultado 1X2,LOCAL,LOCAL,0.39721794646912356,True,2026-05-03,20260916
2026-05-04,ENG,Everton,Man City,Resultado 1X2,VISITANTE,EMPATE,0.5306773095869218,False,2026-05-03,20260916
2026-05-04,ENG,Chelsea,Nott'm Forest,Resultado 1X2,VISITANTE,VISITANTE,0.3737987004702162,True,2026-05-03,20260916
2026-05-09,ENG,Liverpool,Chelsea,Resultado 1X2,LOCAL,EMPATE,0.5295454426201562,False,2026-05-03,20260916
2026-05-09,ENG,Fulham,Bournemouth,Resultado 1X2,VISITANTE,VISITANTE,0.4219169585511503,True,2026-05-03,20260916
2026-05-10,ENG,West Ham,Arsenal,Resultado 1X2,VISITANTE,VISITANTE,0.562073987945822,True,2026-05-03,20260916
2026-05-10,ENG,Crystal Palace,Everton,Resultado 1X2,LOCAL,EMPATE,0.3704128884749965,False,2026-05-03,20260916
2026-05-10,POR,Alverca,Estoril,Resultado 1X2,LOCAL,EMPATE,0.4140037232879665,False,2026-05-03,20260916
2026-05-10,ESP,Mallorca,Villarreal,Resultado 1X2,VISITANTE,EMPATE,0.4209059996519354,False,2026-05-03,20260916
2026-05-11,ENG,Tottenham,Leeds,Resultado 1X2,VISITANTE,EMPATE,0.456653768899065,False,2026-05-03,20260916
2026-05-11,POR,Rio Ave,Sp Lisbon,Resultado 1X2,VISITANTE,VISITANTE,0.7153914696929001,True,2026-05-03,20260916
2026-05-12,ESP,Osasuna,Ath Madrid,Resultado 1X2,VISITANTE,VISITANTE,0.38232461981815974,True,2026-05-03,20260916
2026-05-13,ENG,Man City,Crystal Palace,Resultado 1X2,LOCAL,LOCAL,0.7038943194630586,True,2026-05-03,20260916
2026-05-13,ESP,Getafe,Mallorca,Resultado 1X2,LOCAL,LOCAL,0.3742875056162676,True,2026-05-03,20260916
2026-05-13,ESP,Espanol,Ath Bilbao,Resultado 1X2,LOCAL,LOCAL,0.3604534991343672,True,2026-05-03,20260916
2026-05-13,ESP,Alaves,Barcelona,Resultado 1X2,VISITANTE,LOCAL,0.6011922595942661,False,2026-05-03,20260916
2026-05-14,ESP,Girona,Sociedad,Resultado 1X2,LOCAL,EMPATE,0.493585881866464,False,2026-05-03,20260916
2026-05-14,ESP,Valencia,Vallecano,Resultado 1X2,LOCAL,EMPATE,0.46536994899016554,False,2026-05-03,20260916
2026-05-16,TUR,Karagumruk,Alanyaspor,Resultado 1X2,LOCAL,LOCAL,0.43894373688014715,True,2026-05-03,20260916
2026-05-16,POR,Sp Braga,Estrela,Resultado 1X2,LOCAL,EMPATE,0.6389545314233244,False,2026-05-03,20260916
2026-05-16,POR,Arouca,Tondela,Resultado 1X2,LOCAL,LOCAL,0.40633527159456784,True,2026-05-03,20260916
2026-05-16,POR,Estoril,Benfica,Resultado 1X2,VISITANTE,VISITANTE,0.6512300999836147,True,2026-05-03,20260916
2026-05-16,POR,Moreirense,AVS,Resultado 1X2,LOCAL,EMPATE,0.4145710010852004,False,2026-05-03,20260916
2026-05-16,TUR,Gaziantep,Buyuksehyr,Resultado 1X2,VISITANTE,VISITANTE,0.43285636728189353,True,2026-05-03,20260916
2026-05-17,ENG,Brentford,Crystal Palace,Resultado 1X2,LOCAL,EMPATE,0.4383507292661182,False,2026-05-03,20260916
2026-05-17,ESP,Osasuna,Espanol,Resultado 1X2,LOCAL,VISITANTE,0.4576232204356328,False,2026-05-03,20260916
2026-05-17,ESP,Elche,Getafe,Resultado 1X2,LOCAL,LOCAL,0.5073417576961788,True,2026-05-03,20260916
2026-05-17,TUR,Kasimpasa,Galatasaray,Resultado 1X2,VISITANTE,LOCAL,0.5711065060767746,False,2026-05-03,20260916
2026-05-17,TUR,Trabzonspor,Genclerbirligi,Resultado 1X2,LOCAL,VISITANTE,0.6320274682267492,False,2026-05-03,20260916
2026-05-17,ESP,Vallecano,Villarreal,Resultado 1X2,LOCAL,LOCAL,0.40309570390989485,True,2026-05-03,20260916
2026-05-19,ENG,Bournemouth,Man City,Resultado 1X2,VISITANTE,EMPATE,0.5662697398375732,False,2026-05-03,20260916
2026-05-19,ENG,Chelsea,Tottenham,Resultado 1X2,LOCAL,LOCAL,0.4361485071734547,True,2026-05-03,20260916
2026-05-23,ESP,Mallorca,Oviedo,Resultado 1X2,LOCAL,LOCAL,0.4569268593422361,True,2026-05-03,20260916
2026-05-23,ESP,Espanol,Sociedad,Resultado 1X2,LOCAL,EMPATE,0.41734336759955976,False,2026-05-03,20260916
2026-05-23,ESP,Girona,Elche,Resultado 1X2,LOCAL,EMPATE,0.47646617052591006,False,2026-05-03,20260916
2026-05-24,ENG,West Ham,Leeds,Resultado 1X2,VISITANTE,LOCAL,0.41163064611808825,False,2026-05-03,20260916
2026-08-08,POR,Estrela,Sp Lisbon,Resultado 1X2,VISITANTE,EMPATE,0.782237014233413,False,2026-05-03,20260916
2026-08-08,POR,Guimaraes,Arouca,Resultado 1X2,LOCAL,VISITANTE,0.39038525419458936,False,2026-05-03,20260916
2026-08-09,POR,Porto,Alverca,Resultado 1X2,LOCAL,LOCAL,0.6610586918962337,True,2026-05-03,20260916
2026-08-15,TUR,Kasimpasa,Trabzonspor,Resultado 1X2,VISITANTE,EMPATE,0.48176000959711224,False,2026-05-03,20260916
2026-08-15,TUR,Konyaspor,Rizespor,Resultado 1X2,VISITANTE,VISITANTE,0.3861968333998361,True,2026-05-03,20260916
2026-08-16,ESP,Espanol,Levante,Resultado 1X2,VISITANTE,LOCAL,0.39133203920161663,False,2026-05-03,20260916
2026-08-16,TUR,Besiktas,Eyupspor,Resultado 1X2,LOCAL,LOCAL,0.55267298113495,True,2026-05-03,20260916
2026-08-16,POR,Nacional,Estoril,Resultado 1X2,VISITANTE,LOCAL,0.4496465650816842,False,2026-05-03,20260916
2026-08-17,POR,Casa Pia,Benfica,Resultado 1X2,VISITANTE,VISITANTE,0.6592567020753807,True,2026-05-03,20260916
2026-08-21,ESP,Betis,Sociedad,Resultado 1X2,LOCAL,LOCAL,0.5164676950101318,True,2026-05-03,20260916
2026-08-22,TUR,Rizespor,Samsunspor,Resultado 1X2,LOCAL,VISITANTE,0.395584003213674,False,2026-05-03,20260916
2026-08-22,POR,Sp Lisbon,Alverca,Resultado 1X2,LOCAL,LOCAL,0.753596074017815,True,2026-05-03,20260916
2026-08-22,ESP,Espanol,Real Madrid,Resultado 1X2,VISITANTE,VISITANTE,0.4505915638916294,True,2026-05-03,20260916
2026-08-23,ENG,Man City,Bournemouth,Resultado 1X2,LOCAL,LOCAL,0.649327689684818,True,2026-05-03,20260916
2026-08-23,POR,Guimaraes,Nacional,Resultado 1X2,VISITANTE,LOCAL,0.3934216833721771,False,2026-05-03,20260916
2026-08-23,TUR,Trabzonspor,Buyuksehyr,Resultado 1X2,EMPATE,LOCAL,0.34543701265976257,False,2026-05-03,20260916
2026-08-23,TUR,Alanyaspor,Besiktas,Resultado 1X2,VISITANTE,LOCAL,0.529524041051046,False,2026-05-03,20260916
2026-08-23,TUR,Eyupspor,Gaziantep,Resultado 1X2,VISITANTE,VISITANTE,0.38042776647990106,True,2026-05-03,20260916
2026-08-23,ESP,Elche,Barcelona,Resultado 1X2,VISITANTE,VISITANTE,0.4949171946825195,True,2026-05-03,20260916
2026-08-24,ESP,Osasuna,Levante,Resultado 1X2,EMPATE,EMPATE,0.6082784599065878,True,2026-05-03,20260916
2026-08-24,ENG,Fulham,Chelsea,Resultado 1X2,VISITANTE,VISITANTE,0.3860934012425372,True,2026-05-03,20260916
2026-08-25,ESP,Valencia,Betis,Resultado 1X2,VISITANTE,VISITANTE,0.4849783083051252,True,2026-05-03,20260916
2026-08-26,ESP,Real Madrid,Sociedad,Resultado 1X2,LOCAL,LOCAL,0.7209577660742869,True,2026-05-03,20260916
2026-08-27,ESP,Celta,Osasuna,Resultado 1X2,LOCAL,VISITANTE,0.4534261718633806,False,2026-05-03,20260916
2026-08-29,ESP,Levante,Betis,Resultado 1X2,VISITANTE,LOCAL,0.45519941483974435,False,2026-05-03,20260916
2026-08-29,POR,Alverca,Santa Clara,Resultado 1X2,VISITANTE,EMPATE,0.4204172781049586,False,2026-05-03,20260916
2026-08-29,ESP,Sociedad,Espanol,Resultado 1X2,LOCAL,LOCAL,0.5021210143983094,True,2026-05-03,20260916
2026-08-29,TUR,Gaziantep,Rizespor,Resultado 1X2,EMPATE,VISITANTE,0.41836677389152976,False,2026-05-03,20260916
2026-08-30,TUR,Buyuksehyr,Kasimpasa,Resultado 1X2,LOCAL,EMPATE,0.5550971884978094,False,2026-05-03,20260916
2026-08-31,ESP,Osasuna,Getafe,Resultado 1X2,LOCAL,LOCAL,0.4043356007439943,True,2026-05-03,20260916
2026-08-31,ESP,Barcelona,Vallecano,Resultado 1X2,LOCAL,LOCAL,0.7764078815180536,True,2026-05-03,20260916
2026-09-03,ESP,Sociedad,Celta,Resultado 1X2,LOCAL,EMPATE,0.5312055788323562,False,2026-05-03,20260916
2026-09-04,ESP,Betis,Real Madrid,Resultado 1X2,VISITANTE,LOCAL,0.4239227091569563,False,2026-05-03,20260916
2026-09-04,TUR,Buyuksehyr,Galatasaray,Resultado 1X2,EMPATE,VISITANTE,0.3348398759618126,False,2026-05-03,20260916
2026-09-05,ENG,Fulham,Crystal Palace,Resultado 1X2,LOCAL,VISITANTE,0.5317510029393265,False,2026-05-03,20260916
2026-09-05,ENG,Brighton,Leeds,Resultado 1X2,LOCAL,EMPATE,0.4256852360033088,False,2026-05-03,20260916
2026-09-05,ENG,Nott'm Forest,Tottenham,Resultado 1X2,LOCAL,EMPATE,0.5798462678149274,False,2026-05-03,20260916
2026-09-05,POR,Sp Lisbon,Nacional,Resultado 1X2,LOCAL,LOCAL,0.7425311570051629,True,2026-05-03,20260916
2026-09-05,TUR,Fenerbahce,Besiktas,Resultado 1X2,LOCAL,VISITANTE,0.5806740951748893,False,2026-05-03,20260916
2026-09-06,TUR,Trabzonspor,Genclerbirligi,Resultado 1X2,LOCAL,LOCAL,0.6218515558678902,True,2026-05-03,20260916
2026-09-06,ESP,Espanol,Sevilla,Resultado 1X2,LOCAL,EMPATE,0.39393712647679063,False,2026-05-03,20260916
2026-09-07,POR,Estoril,Arouca,Resultado 1X2,VISITANTE,EMPATE,0.4391740108509201,False,2026-05-03,20260916
2026-09-07,TUR,Rizespor,Alanyaspor,Resultado 1X2,EMPATE,VISITANTE,0.41095057310524813,False,2026-05-03,20260916
2026-09-07,ESP,Elche,Sociedad,Resultado 1X2,LOCAL,VISITANTE,0.3643019308050133,False,2026-05-03,20260916
2026-09-07,TUR,Goztep,Gaziantep,Resultado 1X2,LOCAL,VISITANTE,0.5150636620058522,False,2026-05-03,20260916
2026-09-11,TUR,Besiktas,Erzurumspor,Resultado 1X2,LOCAL,LOCAL,0.5155200693972825,True,2026-05-03,20260916
2026-09-12,ENG,Aston Villa,Nott'm Forest,Resultado 1X2,LOCAL,VISITANTE,0.36903387212706956,False,2026-05-03,20260916
2026-09-12,TUR,Alanyaspor,Goztep,Resultado 1X2,LOCAL,EMPATE,0.540687773812243,False,2026-05-03,20260916
2026-09-12,TUR,Eyupspor,Rizespor,Resultado 1X2,EMPATE,VISITANTE,0.4561593912692729,False,2026-05-03,20260916
2026-09-12,POR,Casa Pia,Porto,Resultado 1X2,VISITANTE,VISITANTE,0.7046667962335348,True,2026-05-03,20260916
2026-09-12,ESP,Real Madrid,Vallecano,Resultado 1X2,LOCAL,LOCAL,0.6902145190894042,True,2026-05-03,20260916
2026-09-12,ENG,Bournemouth,Brentford,Resultado 1X2,LOCAL,EMPATE,0.4346436692432176,False,2026-05-03,20260916
2026-09-12,ENG,Sunderland,Arsenal,Resultado 1X2,VISITANTE,VISITANTE,0.5671117447234428,True,2026-05-03,20260916
2026-09-13,ESP,Levante,Barcelona,Resultado 1X2,VISITANTE,VISITANTE,0.6547037769473233,True,2026-05-03,20260916
2026-09-13,POR,Famalicao,Sp Lisbon,Resultado 1X2,VISITANTE,EMPATE,0.5604837389137272,False,2026-05-03,20260916
2026-09-13,ESP,Getafe,La Coruna,Resultado 1X2,LOCAL,EMPATE,0.4180971492732169,False,2026-05-03,20260916
2026-09-14,ESP,Villarreal,Betis,Resultado 1X2,LOCAL,VISITANTE,0.4873498183849488,False,2026-05-03,20260916
2026-05-03,POR,Sp Braga,Estoril,Goles 1T U/O 1.5,MENOS DE 1.5,MENOS DE 1.5,0.6315037917048503,True,2026-05-03,20260916
2026-05-03,ENG,Aston Villa,Tottenham,Goles 1T U/O 1.5,MENOS DE 1.5,MAS DE 1.5,0.6299152057781132,False,2026-05-03,20260916
2026-05-03,ESP,Getafe,Vallecano,Goles 1T U/O 1.5,MENOS DE 1.5,MENOS DE 1.5,0.6742439060338812,True,2026-05-03,20260916
2026-05-03,ENG,Man United,Liverpool,Goles 1T U/O 1.5,MENOS DE 1.5,MAS DE 1.5,0.6445497341758785,False,2026-05-03,20260916
2026-05-03,TUR,Karagumruk,Genclerbirligi,Goles 1T U/O 1.5,MENOS DE 1.5,MENOS DE 1.5,0.6874905426220633,True,2026-05-03,20260916
2026-05-03,TUR,Antalyaspor,Alanyaspor,Goles 1T U/O 1.5,MENOS DE 1.5,MENOS DE 1.5,0.6711981341271309,True,2026-05-03,20260916
2026-05-03,POR,Casa Pia,Tondela,Goles 1T U/O 1.5,MENOS DE 1.5,MENOS DE 1.5,0.6506923756097863,True,2026-05-03,20260916
2026-05-04,ESP,Sevilla,Sociedad,Goles 1T U/O 1.5,MENOS DE 1.5,MENOS DE 1.5,0.6766812923750177,True,2026-05-03,20260916
2026-05-04,ENG,Everton,Man City,Goles 1T U/O 1.5,MENOS DE 1.5,MENOS DE 1.5,0.6891949207234457,True,2026-05-03,20260916
2026-05-04,ENG,Chelsea,Nott'm Forest,Goles 1T U/O 1.5,MENOS DE 1.5,MAS DE 1.5,0.6328468595072693,False,2026-05-03,20260916
2026-05-09,ENG,Liverpool,Chelsea,Goles 1T U/O 1.5,MENOS DE 1.5,MAS DE 1.5,0.5566811184161489,False,2026-05-03,20260916
2026-05-09,ENG,Fulham,Bournemouth,Goles 1T U/O 1.5,MENOS DE 1.5,MENOS DE 1.5,0.6671607996528418,True,2026-05-03,20260916
2026-05-10,ENG,West Ham,Arsenal,Goles 1T U/O 1.5,MENOS DE 1.5,MENOS DE 1.5,0.6521690766293275,True,2026-05-03,20260916
2026-05-10,ENG,Crystal Palace,Everton,Goles 1T U/O 1.5,MENOS DE 1.5,MAS DE 1.5,0.6489418240996202,False,2026-05-03,20260916
2026-05-10,POR,Alverca,Estoril,Goles 1T U/O 1.5,MENOS DE 1.5,MENOS DE 1.5,0.6321159657246576,True,2026-05-03,20260916
2026-05-10,ESP,Mallorca,Villarreal,Goles 1T U/O 1.5,MENOS DE 1.5,MAS DE 1.5,0.6727518555261417,False,2026-05-03,20260916
2026-05-11,ENG,Tottenham,Leeds,Goles 1T U/O 1.5,MENOS DE 1.5,MENOS DE 1.5,0.669563534310426,True,2026-05-03,20260916
2026-05-11,POR,Rio Ave,Sp Lisbon,Goles 1T U/O 1.5,MENOS DE 1.5,MAS DE 1.5,0.6353890643543976,False,2026-05-03,20260916
2026-05-12,ESP,Osasuna,Ath Madrid,Goles 1T U/O 1.5,MENOS DE 1.5,MENOS DE 1.5,0.641778855907373,True,2026-05-03,20260916
2026-05-13,ENG,Man City,Crystal Palace,Goles 1T U/O 1.5,MENOS DE 1.5,MAS DE 1.5,0.5858277254460268,False,2026-05-03,20260916
2026-05-13,ESP,Getafe,Mallorca,Goles 1T U/O 1.5,MENOS DE 1.5,MAS DE 1.5,0.6829839447082612,False,2026-05-03,20260916
2026-05-13,ESP,Espanol,Ath Bilbao,Goles 1T U/O 1.5,MENOS DE 1.5,MENOS DE 1.5,0.6481902698614864,True,2026-05-03,20260916
2026-05-13,ESP,Alaves,Barcelona,Goles 1T U/O 1.5,MENOS DE 1.5,MENOS DE 1.5,0.6647796698142239,True,2026-05-03,20260916
2026-05-14,ESP,Girona,Sociedad,Goles 1T U/O 1.5,MENOS DE 1.5,MENOS DE 1.5,0.6711974824831435,True,2026-05-03,20260916
2026-05-14,ESP,Valencia,Vallecano,Goles 1T U/O 1.5,MENOS DE 1.5,MAS DE 1.5,0.6707158594225815,False,2026-05-03,20260916
2026-05-16,TUR,Karagumruk,Alanyaspor,Goles 1T U/O 1.5,MENOS DE 1.5,MENOS DE 1.5,0.7031903568829719,True,2026-05-03,20260916
2026-05-16,POR,Sp Braga,Estrela,Goles 1T U/O 1.5,MENOS DE 1.5,MAS DE 1.5,0.5955222922640409,False,2026-05-03,20260916
2026-05-16,POR,Arouca,Tondela,Goles 1T U/O 1.5,MENOS DE 1.5,MENOS DE 1.5,0.6484091339423474,True,2026-05-03,20260916
2026-05-16,POR,Estoril,Benfica,Goles 1T U/O 1.5,MENOS DE 1.5,MAS DE 1.5,0.6362363417372041,False,2026-05-03,20260916
2026-05-16,POR,Moreirense,AVS,Goles 1T U/O 1.5,MENOS DE 1.5,MENOS DE 1.5,0.6743499730129747,True,2026-05-03,20260916
2026-05-16,TUR,Gaziantep,Buyuksehyr,Goles 1T U/O 1.5,MENOS DE 1.5,MAS DE 1.5,0.673537577068664,False,2026-05-03,20260916
2026-05-17,ENG,Brentford,Crystal Palace,Goles 1T U/O 1.5,MENOS DE 1.5,MAS DE 1.5,0.6379280032270732,False,2026-05-03,20260916
2026-05-17,ESP,Osasuna,Espanol,Goles 1T U/O 1.5,MENOS DE 1.5,MENOS DE 1.5,0.6396573685733006,True,2026-05-03,20260916
2026-05-17,ESP,Elche,Getafe,Goles 1T U/O 1.5,MENOS DE 1.5,MENOS DE 1.5,0.6797475205688707,True,2026-05-03,20260916
2026-05-17,TUR,Kasimpasa,Galatasaray,Goles 1T U/O 1.5,MENOS DE 1.5,MENOS DE 1.5,0.6788472245371032,True,2026-05-03,20260916
2026-05-17,TUR,Trabzonspor,Genclerbirligi,Goles 1T U/O 1.5,MENOS DE 1.5,MENOS DE 1.5,0.6881688876316273,True,2026-05-03,20260916
2026-05-17,ESP,Vallecano,Villarreal,Goles 1T U/O 1.5,MENOS DE 1.5,MENOS DE 1.5,0.6686464341540038,True,2026-05-03,20260916
2026-05-19,ENG,Bournemouth,Man City,Goles 1T U/O 1.5,MENOS DE 1.5,MENOS DE 1.5,0.6295174628371161,True,2026-05-03,20260916
2026-05-19,ENG,Chelsea,Tottenham,Goles 1T U/O 1.5,MENOS DE 1.5,MENOS DE 1.5,0.6238559983419077,True,2026-05-03,20260916
2026-05-23,ESP,Mallorca,Oviedo,Goles 1T U/O 1.5,MENOS DE 1.5,MENOS DE 1.5,0.7227033158772294,True,2026-05-03,20260916
2026-05-23,ESP,Espanol,Sociedad,Goles 1T U/O 1.5,MENOS DE 1.5,MENOS DE 1.5,0.6666925539858585,True,2026-05-03,20260916
2026-05-23,ESP,Girona,Elche,Goles 1T U/O 1.5,MENOS DE 1.5,MENOS DE 1.5,0.7261888722376599,True,2026-05-03,20260916
2026-05-24,ENG,West Ham,Leeds,Goles 1T U/O 1.5,MENOS DE 1.5,MENOS DE 1.5,0.6606211944157687,True,2026-05-03,20260916
2026-08-08,POR,Estrela,Sp Lisbon,Goles 1T U/O 1.5,MENOS DE 1.5,MENOS DE 1.5,0.6216552691107645,True,2026-05-03,20260916
2026-08-08,POR,Guimaraes,Arouca,Goles 1T U/O 1.5,MENOS DE 1.5,MENOS DE 1.5,0.6185197027163535,True,2026-05-03,20260916
2026-08-09,POR,Porto,Alverca,Goles 1T U/O 1.5,MENOS DE 1.5,MAS DE 1.5,0.5886193200493939,False,2026-05-03,20260916
2026-08-15,TUR,Kasimpasa,Trabzonspor,Goles 1T U/O 1.5,MENOS DE 1.5,MENOS DE 1.5,0.6462890123113334,True,2026-05-03,20260916
2026-08-15,TUR,Konyaspor,Rizespor,Goles 1T U/O 1.5,MENOS DE 1.5,MENOS DE 1.5,0.6407644282870991,True,2026-05-03,20260916
2026-08-16,ESP,Espanol,Levante,Goles 1T U/O 1.5,MENOS DE 1.5,MAS DE 1.5,0.6401276779407048,False,2026-05-03,20260916
2026-08-16,TUR,Besiktas,Eyupspor,Goles 1T U/O 1.5,MENOS DE 1.5,MENOS DE 1.5,0.6015319537650817,True,2026-05-03,20260916
2026-08-16,POR,Nacional,Estoril,Goles 1T U/O 1.5,MENOS DE 1.5,MENOS DE 1.5,0.6492478318623588,True,2026-05-03,20260916
2026-08-17,POR,Casa Pia,Benfica,Goles 1T U/O 1.5,MENOS DE 1.5,MAS DE 1.5,0.6844575200612718,False,2026-05-03,20260916
2026-08-21,ESP,Betis,Sociedad,Goles 1T U/O 1.5,MENOS DE 1.5,MENOS DE 1.5,0.6255588957475794,True,2026-05-03,20260916
2026-08-22,TUR,Rizespor,Samsunspor,Goles 1T U/O 1.5,MENOS DE 1.5,MENOS DE 1.5,0.716789136702723,True,2026-05-03,20260916
2026-08-22,POR,Sp Lisbon,Alverca,Goles 1T U/O 1.5,MENOS DE 1.5,MENOS DE 1.5,0.6546317929080475,True,2026-05-03,20260916
2026-08-22,ESP,Espanol,Real Madrid,Goles 1T U/O 1.5,MENOS DE 1.5,MAS DE 1.5,0.811781881103523,False,2026-05-03,20260916
2026-08-23,ENG,Man City,Bournemouth,Goles 1T U/O 1.5,MENOS DE 1.5,MENOS DE 1.5,0.6038641073829164,True,2026-05-03,20260916
2026-08-23,POR,Guimaraes,Nacional,Goles 1T U/O 1.5,MENOS DE 1.5,MENOS DE 1.5,0.6696962783478825,True,2026-05-03,20260916
2026-08-23,TUR,Trabzonspor,Buyuksehyr,Goles 1T U/O 1.5,MENOS DE 1.5,MAS DE 1.5,0.6992660144957291,False,2026-05-03,20260916
2026-08-23,TUR,Alanyaspor,Besiktas,Goles 1T U/O 1.5,MENOS DE 1.5,MENOS DE 1.5,0.6729650166910481,True,2026-05-03,20260916
2026-08-23,TUR,Eyupspor,Gaziantep,Goles 1T U/O 1.5,MENOS DE 1.5,MENOS DE 1.5,0.6617258714333368,True,2026-05-03,20260916
2026-08-23,ESP,Elche,Barcelona,Goles 1T U/O 1.5,MENOS DE 1.5,MAS DE 1.5,0.8080325811142888,False,2026-05-03,20260916
2026-08-24,ESP,Osasuna,Levante,Goles 1T U/O 1.5,MENOS DE 1.5,MENOS DE 1.5,0.6604804476178643,True,2026-05-03,20260916
2026-08-24,ENG,Fulham,Chelsea,Goles 1T U/O 1.5,MENOS DE 1.5,MAS DE 1.5,0.6267007660296894,False,2026-05-03,20260916
2026-08-25,ESP,Valencia,Betis,Goles 1T U/O 1.5,MENOS DE 1.5,MENOS DE 1.5,0.6600133641820592,True,2026-05-03,20260916
2026-08-26,ESP,Real Madrid,Sociedad,Goles 1T U/O 1.5,MENOS DE 1.5,MAS DE 1.5,0.7021447074097734,False,2026-05-03,20260916
2026-08-27,ESP,Celta,Osasuna,Goles 1T U/O 1.5,MENOS DE 1.5,MENOS DE 1.5,0.6746860923657019,True,2026-05-03,20260916
2026-08-29,ESP,Levante,Betis,Goles 1T U/O 1.5,MENOS DE 1.5,MAS DE 1.5,0.6794201229424259,False,2026-05-03,20260916
2026-08-29,POR,Alverca,Santa Clara,Goles 1T U/O 1.5,MENOS DE 1.5,MENOS DE 1.5,0.6937433133419889,True,2026-05-03,20260916
2026-08-29,ESP,Sociedad,Espanol,Goles 1T U/O 1.5,MENOS DE 1.5,MAS DE 1.5,0.659505736621102,False,2026-05-03,20260916
2026-08-29,TUR,Gaziantep,Rizespor,Goles 1T U/O 1.5,MENOS DE 1.5,MAS DE 1.5,0.7238543364399127,False,2026-05-03,20260916
2026-08-30,TUR,Buyuksehyr,Kasimpasa,Goles 1T U/O 1.5,MENOS DE 1.5,MENOS DE 1.5,0.6868499851933921,True,2026-05-03,20260916
2026-08-31,ESP,Osasuna,Getafe,Goles 1T U/O 1.5,MENOS DE 1.5,MENOS DE 1.5,0.7204157967363198,True,2026-05-03,20260916
2026-08-31,ESP,Barcelona,Vallecano,Goles 1T U/O 1.5,MENOS DE 1.5,MAS DE 1.5,0.6938261736948075,False,2026-05-03,20260916
2026-09-03,ESP,Sociedad,Celta,Goles 1T U/O 1.5,MENOS DE 1.5,MENOS DE 1.5,0.7277749398721162,True,2026-05-03,20260916
2026-09-04,ESP,Betis,Real Madrid,Goles 1T U/O 1.5,MENOS DE 1.5,MENOS DE 1.5,0.7271102669407175,True,2026-05-03,20260916
2026-09-04,TUR,Buyuksehyr,Galatasaray,Goles 1T U/O 1.5,MENOS DE 1.5,MENOS DE 1.5,0.6775610424348186,True,2026-05-03,20260916
2026-09-05,ENG,Fulham,Crystal Palace,Goles 1T U/O 1.5,MENOS DE 1.5,MAS DE 1.5,0.6888234543927181,False,2026-05-03,20260916
2026-09-05,ENG,Brighton,Leeds,Goles 1T U/O 1.5,MENOS DE 1.5,MENOS DE 1.5,0.6323996534267765,True,2026-05-03,20260916
2026-09-05,ENG,Nott'm Forest,Tottenham,Goles 1T U/O 1.5,MENOS DE 1.5,MENOS DE 1.5,0.6663981927731129,True,2026-05-03,20260916
2026-09-05,POR,Sp Lisbon,Nacional,Goles 1T U/O 1.5,MENOS DE 1.5,MENOS DE 1.5,0.6490294845811113,True,2026-05-03,20260916
2026-09-05,TUR,Fenerbahce,Besiktas,Goles 1T U/O 1.5,MENOS DE 1.5,MAS DE 1.5,0.6270241677716681,False,2026-05-03,20260916
2026-09-06,TUR,Trabzonspor,Genclerbirligi,Goles 1T U/O 1.5,MENOS DE 1.5,MAS DE 1.5,0.7026505888330119,False,2026-05-03,20260916
2026-09-06,ESP,Espanol,Sevilla,Goles 1T U/O 1.5,MENOS DE 1.5,MENOS DE 1.5,0.7015091519772382,True,2026-05-03,20260916
2026-09-07,POR,Estoril,Arouca,Goles 1T U/O 1.5,MENOS DE 1.5,MENOS DE 1.5,0.6975694602197512,True,2026-05-03,20260916
2026-09-07,TUR,Rizespor,Alanyaspor,Goles 1T U/O 1.5,MENOS DE 1.5,MENOS DE 1.5,0.7052961226473783,True,2026-05-03,20260916
2026-09-07,ESP,Elche,Sociedad,Goles 1T U/O 1.5,MENOS DE 1.5,MAS DE 1.5,0.704431525567447,False,2026-05-03,20260916
2026-09-07,TUR,Goztep,Gaziantep,Goles 1T U/O 1.5,MENOS DE 1.5,MAS DE 1.5,0.6693878345677716,False,2026-05-03,20260916
2026-09-11,TUR,Besiktas,Erzurumspor,Goles 1T U/O 1.5,MENOS DE 1.5,MAS DE 1.5,0.6726720931969222,False,2026-05-03,20260916
2026-09-12,ENG,Aston Villa,Nott'm Forest,Goles 1T U/O 1.5,MENOS DE 1.5,MENOS DE 1.5,0.6574806184782273,True,2026-05-03,20260916
2026-09-12,TUR,Alanyaspor,Goztep,Goles 1T U/O 1.5,MENOS DE 1.5,MENOS DE 1.5,0.7138083287025775,True,2026-05-03,20260916
2026-09-12,TUR,Eyupspor,Rizespor,Goles 1T U/O 1.5,MENOS DE 1.5,MENOS DE 1.5,0.7336095543183313,True,2026-05-03,20260916
2026-09-12,POR,Casa Pia,Porto,Goles 1T U/O 1.5,MENOS DE 1.5,MAS DE 1.5,0.7167751641214325,False,2026-05-03,20260916
2026-09-12,ESP,Real Madrid,Vallecano,Goles 1T U/O 1.5,MENOS DE 1.5,MAS DE 1.5,0.6908172360549976,False,2026-05-03,20260916
2026-09-12,ENG,Bournemouth,Brentford,Goles 1T U/O 1.5,MENOS DE 1.5,MAS DE 1.5,0.6397598926104812,False,2026-05-03,20260916
2026-09-12,ENG,Sunderland,Arsenal,Goles 1T U/O 1.5,MENOS DE 1.5,MENOS DE 1.5,0.7108760799628255,True,2026-05-03,20260916
2026-09-13,ESP,Levante,Barcelona,Goles 1T U/O 1.5,MENOS DE 1.5,MAS DE 1.5,0.6916062506629254,False,2026-05-03,20260916
2026-09-13,POR,Famalicao,Sp Lisbon,Goles 1T U/O 1.5,MENOS DE 1.5,MENOS DE 1.5,0.6744025925678773,True,2026-05-03,20260916
2026-09-13,ESP,Getafe,La Coruna,Goles 1T U/O 1.5,MENOS DE 1.5,MENOS DE 1.5,0.7727970877374423,True,2026-05-03,20260916
2026-09-14,ESP,Villarreal,Betis,Goles 1T U/O 1.5,MENOS DE 1.5,MAS DE 1.5,0.6548644731781158,False,2026-05-03,20260916
2026-05-03,POR,Sp Braga,Estoril,Tarjetas U/O 4.5,MENOS DE 4.5,MAS DE 4.5,0.5613902421014623,False,2026-05-03,20260916
2026-05-03,ENG,Aston Villa,Tottenham,Tarjetas U/O 4.5,MENOS DE 4.5,MAS DE 4.5,0.6634034926995325,False,2026-05-03,20260916
2026-05-03,ESP,Getafe,Vallecano,Tarjetas U/O 4.5,MENOS DE 4.5,MAS DE 4.5,0.5193753396530836,False,2026-05-03,20260916
2026-05-03,ENG,Man United,Liverpool,Tarjetas U/O 4.5,MENOS DE 4.5,MENOS DE 4.5,0.6746222401478844,True,2026-05-03,20260916
2026-05-03,TUR,Karagumruk,Genclerbirligi,Tarjetas U/O 4.5,MENOS DE 4.5,MENOS DE 4.5,0.5730239978033445,True,2026-05-03,20260916
2026-05-03,TUR,Antalyaspor,Alanyaspor,Tarjetas U/O 4.5,MENOS DE 4.5,MAS DE 4.5,0.6053257015794515,False,2026-05-03,20260916
2026-05-03,POR,Casa Pia,Tondela,Tarjetas U/O 4.5,MENOS DE 4.5,MAS DE 4.5,0.5352506279264637,False,2026-05-03,20260916
2026-05-04,ESP,Sevilla,Sociedad,Tarjetas U/O 4.5,MENOS DE 4.5,MENOS DE 4.5,0.6025211821822887,True,2026-05-03,20260916
2026-05-04,ENG,Everton,Man City,Tarjetas U/O 4.5,MENOS DE 4.5,MAS DE 4.5,0.6384251153926888,False,2026-05-03,20260916
2026-05-04,ENG,Chelsea,Nott'm Forest,Tarjetas U/O 4.5,MENOS DE 4.5,MENOS DE 4.5,0.6661768556477009,True,2026-05-03,20260916
2026-05-09,ENG,Liverpool,Chelsea,Tarjetas U/O 4.5,MENOS DE 4.5,MAS DE 4.5,0.637705867991997,False,2026-05-03,20260916
2026-05-09,ENG,Fulham,Bournemouth,Tarjetas U/O 4.5,MENOS DE 4.5,MAS DE 4.5,0.6523543839703059,False,2026-05-03,20260916
2026-05-10,ENG,West Ham,Arsenal,Tarjetas U/O 4.5,MENOS DE 4.5,MAS DE 4.5,0.6503221966474536,False,2026-05-03,20260916
2026-05-10,ENG,Crystal Palace,Everton,Tarjetas U/O 4.5,MENOS DE 4.5,MENOS DE 4.5,0.6565946142982083,True,2026-05-03,20260916
2026-05-10,POR,Alverca,Estoril,Tarjetas U/O 4.5,MENOS DE 4.5,MAS DE 4.5,0.6170478441244321,False,2026-05-03,20260916
2026-05-10,ESP,Mallorca,Villarreal,Tarjetas U/O 4.5,MENOS DE 4.5,MENOS DE 4.5,0.6092655953757945,True,2026-05-03,20260916
2026-05-11,ENG,Tottenham,Leeds,Tarjetas U/O 4.5,MENOS DE 4.5,MENOS DE 4.5,0.6452438411204217,True,2026-05-03,20260916
2026-05-11,POR,Rio Ave,Sp Lisbon,Tarjetas U/O 4.5,MENOS DE 4.5,MAS DE 4.5,0.5812654648863307,False,2026-05-03,20260916
2026-05-12,ESP,Osasuna,Ath Madrid,Tarjetas U/O 4.5,MENOS DE 4.5,MAS DE 4.5,0.5968739111833994,False,2026-05-03,20260916
2026-05-13,ENG,Man City,Crystal Palace,Tarjetas U/O 4.5,MENOS DE 4.5,MENOS DE 4.5,0.6836529719749571,True,2026-05-03,20260916
2026-05-13,ESP,Getafe,Mallorca,Tarjetas U/O 4.5,MENOS DE 4.5,MAS DE 4.5,0.5886968245576003,False,2026-05-03,20260916
2026-05-13,ESP,Espanol,Ath Bilbao,Tarjetas U/O 4.5,MENOS DE 4.5,MENOS DE 4.5,0.5559646574403305,True,2026-05-03,20260916
2026-05-13,ESP,Alaves,Barcelona,Tarjetas U/O 4.5,MENOS DE 4.5,MENOS DE 4.5,0.5895980265273462,True,2026-05-03,20260916
2026-05-14,ESP,Girona,Sociedad,Tarjetas U/O 4.5,MENOS DE 4.5,MAS DE 4.5,0.6058636073198065,False,2026-05-03,20260916
2026-05-14,ESP,Valencia,Vallecano,Tarjetas U/O 4.5,MENOS DE 4.5,MENOS DE 4.5,0.6099078408686842,True,2026-05-03,20260916
2026-05-16,TUR,Karagumruk,Alanyaspor,Tarjetas U/O 4.5,MENOS DE 4.5,MENOS DE 4.5,0.597511696955082,True,2026-05-03,20260916
2026-05-16,POR,Sp Braga,Estrela,Tarjetas U/O 4.5,MENOS DE 4.5,MAS DE 4.5,0.5373614155006233,False,2026-05-03,20260916
2026-05-16,POR,Arouca,Tondela,Tarjetas U/O 4.5,MENOS DE 4.5,MENOS DE 4.5,0.5584443193235706,True,2026-05-03,20260916
2026-05-16,POR,Estoril,Benfica,Tarjetas U/O 4.5,MENOS DE 4.5,MAS DE 4.5,0.5665046089251374,False,2026-05-03,20260916
2026-05-16,POR,Moreirense,AVS,Tarjetas U/O 4.5,MENOS DE 4.5,MAS DE 4.5,0.5633532631559381,False,2026-05-03,20260916
2026-05-16,TUR,Gaziantep,Buyuksehyr,Tarjetas U/O 4.5,MENOS DE 4.5,MAS DE 4.5,0.5776723139412112,False,2026-05-03,20260916
2026-05-17,ENG,Brentford,Crystal Palace,Tarjetas U/O 4.5,MENOS DE 4.5,MENOS DE 4.5,0.7014110576273187,True,2026-05-03,20260916
2026-05-17,ESP,Osasuna,Espanol,Tarjetas U/O 4.5,MENOS DE 4.5,MENOS DE 4.5,0.5969117086670392,True,2026-05-03,20260916
2026-05-17,ESP,Elche,Getafe,Tarjetas U/O 4.5,MENOS DE 4.5,MENOS DE 4.5,0.5498580177735501,True,2026-05-03,20260916
2026-05-17,TUR,Kasimpasa,Galatasaray,Tarjetas U/O 4.5,MENOS DE 4.5,MENOS DE 4.5,0.5344933955495703,True,2026-05-03,20260916
2026-05-17,TUR,Trabzonspor,Genclerbirligi,Tarjetas U/O 4.5,MENOS DE 4.5,MENOS DE 4.5,0.6159291065077002,True,2026-05-03,20260916
2026-05-17,ESP,Vallecano,Villarreal,Tarjetas U/O 4.5,MENOS DE 4.5,MENOS DE 4.5,0.5994246075826288,True,2026-05-03,20260916
2026-05-19,ENG,Bournemouth,Man City,Tarjetas U/O 4.5,MENOS DE 4.5,MAS DE 4.5,0.6659472911579535,False,2026-05-03,20260916
2026-05-19,ENG,Chelsea,Tottenham,Tarjetas U/O 4.5,MENOS DE 4.5,MAS DE 4.5,0.6519540119245066,False,2026-05-03,20260916
2026-05-23,ESP,Mallorca,Oviedo,Tarjetas U/O 4.5,MENOS DE 4.5,MENOS DE 4.5,0.641344926363651,True,2026-05-03,20260916
2026-05-23,ESP,Espanol,Sociedad,Tarjetas U/O 4.5,MENOS DE 4.5,MENOS DE 4.5,0.6178994020495167,True,2026-05-03,20260916
2026-05-23,ESP,Girona,Elche,Tarjetas U/O 4.5,MENOS DE 4.5,MAS DE 4.5,0.6606629875632631,False,2026-05-03,20260916
2026-05-24,ENG,West Ham,Leeds,Tarjetas U/O 4.5,MENOS DE 4.5,MENOS DE 4.5,0.6556539894111821,True,2026-05-03,20260916
2026-08-08,POR,Estrela,Sp Lisbon,Tarjetas U/O 4.5,MAS DE 4.5,MENOS DE 4.5,0.5521565694227487,False,2026-05-03,20260916
2026-08-08,POR,Guimaraes,Arouca,Tarjetas U/O 4.5,MENOS DE 4.5,MAS DE 4.5,0.5273945421850943,False,2026-05-03,20260916
2026-08-09,POR,Porto,Alverca,Tarjetas U/O 4.5,MENOS DE 4.5,MENOS DE 4.5,0.5585343778918942,True,2026-05-03,20260916
2026-08-15,TUR,Kasimpasa,Trabzonspor,Tarjetas U/O 4.5,MENOS DE 4.5,MENOS DE 4.5,0.5048475687761855,True,2026-05-03,20260916
2026-08-15,TUR,Konyaspor,Rizespor,Tarjetas U/O 4.5,MENOS DE 4.5,MAS DE 4.5,0.527299877025909,False,2026-05-03,20260916
2026-08-16,ESP,Espanol,Levante,Tarjetas U/O 4.5,MENOS DE 4.5,MENOS DE 4.5,0.5101097800687526,True,2026-05-03,20260916
2026-08-16,TUR,Besiktas,Eyupspor,Tarjetas U/O 4.5,MENOS DE 4.5,MAS DE 4.5,0.5723372813569433,False,2026-05-03,20260916
2026-08-16,POR,Nacional,Estoril,Tarjetas U/O 4.5,MAS DE 4.5,MAS DE 4.5,0.5444093600045169,True,2026-05-03,20260916
2026-08-17,POR,Casa Pia,Benfica,Tarjetas U/O 4.5,MAS DE 4.5,MENOS DE 4.5,0.5569254932788961,False,2026-05-03,20260916
2026-08-21,ESP,Betis,Sociedad,Tarjetas U/O 4.5,MENOS DE 4.5,MAS DE 4.5,0.5875810422310764,False,2026-05-03,20260916
2026-08-22,TUR,Rizespor,Samsunspor,Tarjetas U/O 4.5,MAS DE 4.5,MENOS DE 4.5,0.508784213336211,False,2026-05-03,20260916
2026-08-22,POR,Sp Lisbon,Alverca,Tarjetas U/O 4.5,MENOS DE 4.5,MENOS DE 4.5,0.5239384957817048,True,2026-05-03,20260916
2026-08-22,ESP,Espanol,Real Madrid,Tarjetas U/O 4.5,MAS DE 4.5,MAS DE 4.5,0.8290422975377373,True,2026-05-03,20260916
2026-08-23,ENG,Man City,Bournemouth,Tarjetas U/O 4.5,MENOS DE 4.5,MENOS DE 4.5,0.6543473695682817,True,2026-05-03,20260916
2026-08-23,POR,Guimaraes,Nacional,Tarjetas U/O 4.5,MENOS DE 4.5,MENOS DE 4.5,0.5391939397243015,True,2026-05-03,20260916
2026-08-23,TUR,Trabzonspor,Buyuksehyr,Tarjetas U/O 4.5,MENOS DE 4.5,MAS DE 4.5,0.5953236131811785,False,2026-05-03,20260916
2026-08-23,TUR,Alanyaspor,Besiktas,Tarjetas U/O 4.5,MENOS DE 4.5,MENOS DE 4.5,0.5169174373423837,True,2026-05-03,20260916
2026-08-23,TUR,Eyupspor,Gaziantep,Tarjetas U/O 4.5,MENOS DE 4.5,MENOS DE 4.5,0.5320293975455381,True,2026-05-03,20260916
2026-08-23,ESP,Elche,Barcelona,Tarjetas U/O 4.5,MAS DE 4.5,MENOS DE 4.5,0.7977991810399223,False,2026-05-03,20260916
2026-08-24,ESP,Osasuna,Levante,Tarjetas U/O 4.5,MENOS DE 4.5,MENOS DE 4.5,0.674274398981582,True,2026-05-03,20260916
2026-08-24,ENG,Fulham,Chelsea,Tarjetas U/O 4.5,MENOS DE 4.5,MAS DE 4.5,0.6240204656780834,False,2026-05-03,20260916
2026-08-25,ESP,Valencia,Betis,Tarjetas U/O 4.5,MENOS DE 4.5,MENOS DE 4.5,0.603711115998874,True,2026-05-03,20260916
2026-08-26,ESP,Real Madrid,Sociedad,Tarjetas U/O 4.5,MENOS DE 4.5,MAS DE 4.5,0.5404935911642734,False,2026-05-03,20260916
2026-08-27,ESP,Celta,Osasuna,Tarjetas U/O 4.5,MENOS DE 4.5,MENOS DE 4.5,0.5512062163843816,True,2026-05-03,20260916
2026-08-29,ESP,Levante,Betis,Tarjetas U/O 4.5,MENOS DE 4.5,MENOS DE 4.5,0.6033503945284342,True,2026-05-03,20260916
2026-08-29,POR,Alverca,Santa Clara,Tarjetas U/O 4.5,MENOS DE 4.5,MENOS DE 4.5,0.5461328763608893,True,2026-05-03,20260916
2026-08-29,ESP,Sociedad,Espanol,Tarjetas U/O 4.5,MENOS DE 4.5,MAS DE 4.5,0.5436480984268318,False,2026-05-03,20260916
2026-08-29,TUR,Gaziantep,Rizespor,Tarjetas U/O 4.5,MENOS DE 4.5,MENOS DE 4.5,0.5088043455423628,True,2026-05-03,20260916
2026-08-30,TUR,Buyuksehyr,Kasimpasa,Tarjetas U/O 4.5,MENOS DE 4.5,MENOS DE 4.5,0.5173573861923397,True,2026-05-03,20260916
2026-08-31,ESP,Osasuna,Getafe,Tarjetas U/O 4.5,MAS DE 4.5,MAS DE 4.5,0.566103474487087,True,2026-05-03,20260916
2026-08-31,ESP,Barcelona,Vallecano,Tarjetas U/O 4.5,MENOS DE 4.5,MENOS DE 4.5,0.5109825124553679,True,2026-05-03,20260916
2026-09-03,ESP,Sociedad,Celta,Tarjetas U/O 4.5,MENOS DE 4.5,MAS DE 4.5,0.5179331061729477,False,2026-05-03,20260916
2026-09-04,ESP,Betis,Real Madrid,Tarjetas U/O 4.5,MENOS DE 4.5,MAS DE 4.5,0.5563711592425191,False,2026-05-03,20260916
2026-09-04,TUR,Buyuksehyr,Galatasaray,Tarjetas U/O 4.5,MENOS DE 4.5,MAS DE 4.5,0.5028145430273674,False,2026-05-03,20260916
2026-09-05,ENG,Fulham,Crystal Palace,Tarjetas U/O 4.5,MENOS DE 4.5,MENOS DE 4.5,0.6309674824786324,True,2026-05-03,20260916
2026-09-05,ENG,Brighton,Leeds,Tarjetas U/O 4.5,MENOS DE 4.5,MAS DE 4.5,0.5798071227779209,False,2026-05-03,20260916
2026-09-05,ENG,Nott'm Forest,Tottenham,Tarjetas U/O 4.5,MENOS DE 4.5,MENOS DE 4.5,0.5868367878483967,True,2026-05-03,20260916
2026-09-05,POR,Sp Lisbon,Nacional,Tarjetas U/O 4.5,MENOS DE 4.5,MENOS DE 4.5,0.5437509182207231,True,2026-05-03,20260916
2026-09-05,TUR,Fenerbahce,Besiktas,Tarjetas U/O 4.5,MENOS DE 4.5,MAS DE 4.5,0.565782416950233,False,2026-05-03,20260916
2026-09-06,TUR,Trabzonspor,Genclerbirligi,Tarjetas U/O 4.5,MENOS DE 4.5,MENOS DE 4.5,0.5560281649856298,True,2026-05-03,20260916
2026-09-06,ESP,Espanol,Sevilla,Tarjetas U/O 4.5,MAS DE 4.5,MAS DE 4.5,0.5029748189427043,True,2026-05-03,20260916
2026-09-07,POR,Estoril,Arouca,Tarjetas U/O 4.5,MENOS DE 4.5,MAS DE 4.5,0.544791697414216,False,2026-05-03,20260916
2026-09-07,TUR,Rizespor,Alanyaspor,Tarjetas U/O 4.5,MENOS DE 4.5,MENOS DE 4.5,0.5349172266514948,True,2026-05-03,20260916
2026-09-07,ESP,Elche,Sociedad,Tarjetas U/O 4.5,MENOS DE 4.5,MAS DE 4.5,0.6043874795072508,False,2026-05-03,20260916
2026-09-07,TUR,Goztep,Gaziantep,Tarjetas U/O 4.5,MENOS DE 4.5,MAS DE 4.5,0.55057747086768,False,2026-05-03,20260916
2026-09-11,TUR,Besiktas,Erzurumspor,Tarjetas U/O 4.5,MENOS DE 4.5,MENOS DE 4.5,0.5005505680686458,True,2026-05-03,20260916
2026-09-12,ENG,Aston Villa,Nott'm Forest,Tarjetas U/O 4.5,MENOS DE 4.5,MAS DE 4.5,0.6456629652166033,False,2026-05-03,20260916
2026-09-12,TUR,Alanyaspor,Goztep,Tarjetas U/O 4.5,MENOS DE 4.5,MENOS DE 4.5,0.5118114866555856,True,2026-05-03,20260916
2026-09-12,TUR,Eyupspor,Rizespor,Tarjetas U/O 4.5,MENOS DE 4.5,MENOS DE 4.5,0.5376245346921247,True,2026-05-03,20260916
2026-09-12,POR,Casa Pia,Porto,Tarjetas U/O 4.5,MENOS DE 4.5,MAS DE 4.5,0.5332938585176484,False,2026-05-03,20260916
2026-09-12,ESP,Real Madrid,Vallecano,Tarjetas U/O 4.5,MENOS DE 4.5,MENOS DE 4.5,0.5803574199889467,True,2026-05-03,20260916
2026-09-12,ENG,Bournemouth,Brentford,Tarjetas U/O 4.5,MENOS DE 4.5,MAS DE 4.5,0.570186956204292,False,2026-05-03,20260916
2026-09-12,ENG,Sunderland,Arsenal,Tarjetas U/O 4.5,MENOS DE 4.5,MAS DE 4.5,0.5965993361839574,False,2026-05-03,20260916
2026-09-13,ESP,Levante,Barcelona,Tarjetas U/O 4.5,MENOS DE 4.5,MENOS DE 4.5,0.596255450802167,True,2026-05-03,20260916
2026-09-13,POR,Famalicao,Sp Lisbon,Tarjetas U/O 4.5,MENOS DE 4.5,MAS DE 4.5,0.5166538431782879,False,2026-05-03,20260916
2026-09-13,ESP,Getafe,La Coruna,Tarjetas U/O 4.5,MENOS DE 4.5,MENOS DE 4.5,0.5646179404392722,True,2026-05-03,20260916
2026-09-14,ESP,Villarreal,Betis,Tarjetas U/O 4.5,MENOS DE 4.5,MENOS DE 4.5,0.5722522925543672,True,2026-05-03,20260916
2026-05-03,POR,Sp Braga,Estoril,Gol local 0.5,MARCA 1+,MARCA 1+,0.8703017159141441,True,2026-05-03,20260916
2026-05-03,ENG,Aston Villa,Tottenham,Gol local 0.5,MARCA 1+,MARCA 1+,0.8478707493534524,True,2026-05-03,20260916
2026-05-03,ESP,Getafe,Vallecano,Gol local 0.5,MARCA 1+,NO MARCA,0.7962138546182715,False,2026-05-03,20260916
2026-05-03,ENG,Man United,Liverpool,Gol local 0.5,MARCA 1+,MARCA 1+,0.7498308158712154,True,2026-05-03,20260916
2026-05-03,TUR,Karagumruk,Genclerbirligi,Gol local 0.5,MARCA 1+,MARCA 1+,0.7997076727370867,True,2026-05-03,20260916
2026-05-03,TUR,Antalyaspor,Alanyaspor,Gol local 0.5,MARCA 1+,NO MARCA,0.7805591731413442,False,2026-05-03,20260916
2026-05-03,POR,Casa Pia,Tondela,Gol local 0.5,MARCA 1+,NO MARCA,0.7574991232127005,False,2026-05-03,20260916
2026-05-04,ESP,Sevilla,Sociedad,Gol local 0.5,MARCA 1+,MARCA 1+,0.7491466486512245,True,2026-05-03,20260916
2026-05-04,ENG,Everton,Man City,Gol local 0.5,MARCA 1+,MARCA 1+,0.6614580218153332,True,2026-05-03,20260916
2026-05-04,ENG,Chelsea,Nott'm Forest,Gol local 0.5,MARCA 1+,MARCA 1+,0.765744379886989,True,2026-05-03,20260916
2026-05-09,ENG,Liverpool,Chelsea,Gol local 0.5,MARCA 1+,MARCA 1+,0.841819532545427,True,2026-05-03,20260916
2026-05-09,ENG,Fulham,Bournemouth,Gol local 0.5,MARCA 1+,NO MARCA,0.7005040857096193,False,2026-05-03,20260916
2026-05-10,ENG,West Ham,Arsenal,Gol local 0.5,MARCA 1+,NO MARCA,0.6886790815355628,False,2026-05-03,20260916
2026-05-10,ENG,Crystal Palace,Everton,Gol local 0.5,MARCA 1+,MARCA 1+,0.7555052795668207,True,2026-05-03,20260916
2026-05-10,POR,Alverca,Estoril,Gol local 0.5,MARCA 1+,MARCA 1+,0.7749856780231998,True,2026-05-03,20260916
2026-05-10,ESP,Mallorca,Villarreal,Gol local 0.5,MARCA 1+,MARCA 1+,0.7453468847879785,True,2026-05-03,20260916
2026-05-11,ENG,Tottenham,Leeds,Gol local 0.5,MARCA 1+,MARCA 1+,0.7128596263155287,True,2026-05-03,20260916
2026-05-11,POR,Rio Ave,Sp Lisbon,Gol local 0.5,MARCA 1+,MARCA 1+,0.5916609183917753,True,2026-05-03,20260916
2026-05-12,ESP,Osasuna,Ath Madrid,Gol local 0.5,MARCA 1+,MARCA 1+,0.7896818120899405,True,2026-05-03,20260916
2026-05-13,ENG,Man City,Crystal Palace,Gol local 0.5,MARCA 1+,MARCA 1+,0.9179079673831434,True,2026-05-03,20260916
2026-05-13,ESP,Getafe,Mallorca,Gol local 0.5,MARCA 1+,MARCA 1+,0.796151267208557,True,2026-05-03,20260916
2026-05-13,ESP,Espanol,Ath Bilbao,Gol local 0.5,MARCA 1+,MARCA 1+,0.7329936650814575,True,2026-05-03,20260916
2026-05-13,ESP,Alaves,Barcelona,Gol local 0.5,MARCA 1+,MARCA 1+,0.6268190867015836,True,2026-05-03,20260916
2026-05-14,ESP,Girona,Sociedad,Gol local 0.5,MARCA 1+,MARCA 1+,0.767775727934653,True,2026-05-03,20260916
2026-05-14,ESP,Valencia,Vallecano,Gol local 0.5,MARCA 1+,MARCA 1+,0.794177037329817,True,2026-05-03,20260916
2026-05-16,TUR,Karagumruk,Alanyaspor,Gol local 0.5,MARCA 1+,MARCA 1+,0.7944241511592176,True,2026-05-03,20260916
2026-05-16,POR,Sp Braga,Estrela,Gol local 0.5,MARCA 1+,MARCA 1+,0.884923526128303,True,2026-05-03,20260916
2026-05-16,POR,Arouca,Tondela,Gol local 0.5,MARCA 1+,MARCA 1+,0.7786304178802732,True,2026-05-03,20260916
2026-05-16,POR,Estoril,Benfica,Gol local 0.5,MARCA 1+,MARCA 1+,0.621425534865615,True,2026-05-03,20260916
2026-05-16,POR,Moreirense,AVS,Gol local 0.5,MARCA 1+,NO MARCA,0.7270944506721719,False,2026-05-03,20260916
2026-05-16,TUR,Gaziantep,Buyuksehyr,Gol local 0.5,MARCA 1+,MARCA 1+,0.729900784097999,True,2026-05-03,20260916
2026-05-17,ENG,Brentford,Crystal Palace,Gol local 0.5,MARCA 1+,MARCA 1+,0.8397234608986884,True,2026-05-03,20260916
2026-05-17,ESP,Osasuna,Espanol,Gol local 0.5,MARCA 1+,MARCA 1+,0.8440526599212175,True,2026-05-03,20260916
2026-05-17,ESP,Elche,Getafe,Gol local 0.5,MARCA 1+,MARCA 1+,0.8592293085033466,True,2026-05-03,20260916
2026-05-17,TUR,Kasimpasa,Galatasaray,Gol local 0.5,MARCA 1+,MARCA 1+,0.6723040740585011,True,2026-05-03,20260916
2026-05-17,TUR,Trabzonspor,Genclerbirligi,Gol local 0.5,MARCA 1+,NO MARCA,0.8781446003338975,False,2026-05-03,20260916
2026-05-17,ESP,Vallecano,Villarreal,Gol local 0.5,MARCA 1+,MARCA 1+,0.8254409741762233,True,2026-05-03,20260916
2026-05-19,ENG,Bournemouth,Man City,Gol local 0.5,MARCA 1+,MARCA 1+,0.7363809908434756,True,2026-05-03,20260916
2026-05-19,ENG,Chelsea,Tottenham,Gol local 0.5,MARCA 1+,MARCA 1+,0.8130397657343039,True,2026-05-03,20260916
2026-05-23,ESP,Mallorca,Oviedo,Gol local 0.5,MARCA 1+,MARCA 1+,0.8236148339162392,True,2026-05-03,20260916
2026-05-23,ESP,Espanol,Sociedad,Gol local 0.5,MARCA 1+,MARCA 1+,0.8198232112510917,True,2026-05-03,20260916
2026-05-23,ESP,Girona,Elche,Gol local 0.5,MARCA 1+,MARCA 1+,0.8125893539893816,True,2026-05-03,20260916
2026-05-24,ENG,West Ham,Leeds,Gol local 0.5,MARCA 1+,MARCA 1+,0.7174985789695756,True,2026-05-03,20260916
2026-08-08,POR,Estrela,Sp Lisbon,Gol local 0.5,NO MARCA,MARCA 1+,0.5735776126413269,False,2026-05-03,20260916
2026-08-08,POR,Guimaraes,Arouca,Gol local 0.5,MARCA 1+,NO MARCA,0.6728080288700363,False,2026-05-03,20260916
2026-08-09,POR,Porto,Alverca,Gol local 0.5,MARCA 1+,MARCA 1+,0.8210791997371927,True,2026-05-03,20260916
2026-08-15,TUR,Kasimpasa,Trabzonspor,Gol local 0.5,MARCA 1+,MARCA 1+,0.5922805231975252,True,2026-05-03,20260916
2026-08-15,TUR,Konyaspor,Rizespor,Gol local 0.5,MARCA 1+,NO MARCA,0.6262059727688577,False,2026-05-03,20260916
2026-08-16,ESP,Espanol,Levante,Gol local 0.5,MARCA 1+,MARCA 1+,0.6639407740854122,True,2026-05-03,20260916
2026-08-16,TUR,Besiktas,Eyupspor,Gol local 0.5,MARCA 1+,MARCA 1+,0.8220121555559692,True,2026-05-03,20260916
2026-08-16,POR,Nacional,Estoril,Gol local 0.5,MARCA 1+,MARCA 1+,0.7677730414818934,True,2026-05-03,20260916
2026-08-17,POR,Casa Pia,Benfica,Gol local 0.5,MARCA 1+,NO MARCA,0.5729520191170515,False,2026-05-03,20260916
2026-08-21,ESP,Betis,Sociedad,Gol local 0.5,MARCA 1+,MARCA 1+,0.7940856654622618,True,2026-05-03,20260916
2026-08-22,TUR,Rizespor,Samsunspor,Gol local 0.5,MARCA 1+,NO MARCA,0.7220602534064791,False,2026-05-03,20260916
2026-08-22,POR,Sp Lisbon,Alverca,Gol local 0.5,MARCA 1+,MARCA 1+,0.8985652811444587,True,2026-05-03,20260916
2026-08-22,ESP,Espanol,Real Madrid,Gol local 0.5,NO MARCA,MARCA 1+,0.6914663833160956,False,2026-05-03,20260916
2026-08-23,ENG,Man City,Bournemouth,Gol local 0.5,MARCA 1+,MARCA 1+,0.853003677913765,True,2026-05-03,20260916
2026-08-23,POR,Guimaraes,Nacional,Gol local 0.5,MARCA 1+,MARCA 1+,0.7686871890379082,True,2026-05-03,20260916
2026-08-23,TUR,Trabzonspor,Buyuksehyr,Gol local 0.5,MARCA 1+,MARCA 1+,0.7790192668330554,True,2026-05-03,20260916
2026-08-23,TUR,Alanyaspor,Besiktas,Gol local 0.5,MARCA 1+,MARCA 1+,0.7563669352678326,True,2026-05-03,20260916
2026-08-23,TUR,Eyupspor,Gaziantep,Gol local 0.5,MARCA 1+,NO MARCA,0.7896839648227185,False,2026-05-03,20260916
2026-08-23,ESP,Elche,Barcelona,Gol local 0.5,NO MARCA,NO MARCA,0.67822545298229,True,2026-05-03,20260916
2026-08-24,ESP,Osasuna,Levante,Gol local 0.5,MARCA 1+,NO MARCA,0.7147163612435613,False,2026-05-03,20260916
2026-08-24,ENG,Fulham,Chelsea,Gol local 0.5,MARCA 1+,MARCA 1+,0.7178077324988874,True,2026-05-03,20260916
2026-08-25,ESP,Valencia,Betis,Gol local 0.5,MARCA 1+,NO MARCA,0.7659210729384262,False,2026-05-03,20260916
2026-08-26,ESP,Real Madrid,Sociedad,Gol local 0.5,MARCA 1+,MARCA 1+,0.9014177423583405,True,2026-05-03,20260916
2026-08-27,ESP,Celta,Osasuna,Gol local 0.5,MARCA 1+,MARCA 1+,0.8253365224938635,True,2026-05-03,20260916
2026-08-29,ESP,Levante,Betis,Gol local 0.5,MARCA 1+,MARCA 1+,0.783295726180461,True,2026-05-03,20260916
2026-08-29,POR,Alverca,Santa Clara,Gol local 0.5,MARCA 1+,MARCA 1+,0.7402140425294482,True,2026-05-03,20260916
2026-08-29,ESP,Sociedad,Espanol,Gol local 0.5,MARCA 1+,MARCA 1+,0.8584410276328159,True,2026-05-03,20260916
2026-08-29,TUR,Gaziantep,Rizespor,Gol local 0.5,MARCA 1+,MARCA 1+,0.719768777433077,True,2026-05-03,20260916
2026-08-30,TUR,Buyuksehyr,Kasimpasa,Gol local 0.5,MARCA 1+,MARCA 1+,0.8811745334999563,True,2026-05-03,20260916
2026-08-31,ESP,Osasuna,Getafe,Gol local 0.5,MARCA 1+,MARCA 1+,0.7889389294971947,True,2026-05-03,20260916
2026-08-31,ESP,Barcelona,Vallecano,Gol local 0.5,MARCA 1+,MARCA 1+,0.908252065206859,True,2026-05-03,20260916
2026-09-03,ESP,Sociedad,Celta,Gol local 0.5,MARCA 1+,NO MARCA,0.8588797603375822,False,2026-05-03,20260916
2026-09-04,ESP,Betis,Real Madrid,Gol local 0.5,MARCA 1+,MARCA 1+,0.7338040493007479,True,2026-05-03,20260916
2026-09-04,TUR,Buyuksehyr,Galatasaray,Gol local 0.5,MARCA 1+,MARCA 1+,0.7827284321703103,True,2026-05-03,20260916
2026-09-05,ENG,Fulham,Crystal Palace,Gol local 0.5,MARCA 1+,MARCA 1+,0.8338445151822808,True,2026-05-03,20260916
2026-09-05,ENG,Brighton,Leeds,Gol local 0.5,MARCA 1+,MARCA 1+,0.8361357129128272,True,2026-05-03,20260916
2026-09-05,ENG,Nott'm Forest,Tottenham,Gol local 0.5,MARCA 1+,NO MARCA,0.8525730703875253,False,2026-05-03,20260916
2026-09-05,POR,Sp Lisbon,Nacional,Gol local 0.5,MARCA 1+,MARCA 1+,0.9310887733478257,True,2026-05-03,20260916
2026-09-05,TUR,Fenerbahce,Besiktas,Gol local 0.5,MARCA 1+,MARCA 1+,0.8811712725398657,True,2026-05-03,20260916
2026-09-06,TUR,Trabzonspor,Genclerbirligi,Gol local 0.5,MARCA 1+,MARCA 1+,0.85975493819041,True,2026-05-03,20260916
2026-09-06,ESP,Espanol,Sevilla,Gol local 0.5,MARCA 1+,MARCA 1+,0.794642539629501,True,2026-05-03,20260916
2026-09-07,POR,Estoril,Arouca,Gol local 0.5,MARCA 1+,NO MARCA,0.7044110603268491,False,2026-05-03,20260916
2026-09-07,TUR,Rizespor,Alanyaspor,Gol local 0.5,MARCA 1+,NO MARCA,0.7655992448775295,False,2026-05-03,20260916
2026-09-07,ESP,Elche,Sociedad,Gol local 0.5,MARCA 1+,MARCA 1+,0.7858320914044282,True,2026-05-03,20260916
2026-09-07,TUR,Goztep,Gaziantep,Gol local 0.5,MARCA 1+,MARCA 1+,0.828687140934765,True,2026-05-03,20260916
2026-09-11,TUR,Besiktas,Erzurumspor,Gol local 0.5,MARCA 1+,MARCA 1+,0.8880696755128736,True,2026-05-03,20260916
2026-09-12,ENG,Aston Villa,Nott'm Forest,Gol local 0.5,MARCA 1+,MARCA 1+,0.7783258836108556,True,2026-05-03,20260916
2026-09-12,TUR,Alanyaspor,Goztep,Gol local 0.5,MARCA 1+,MARCA 1+,0.8293462441164927,True,2026-05-03,20260916
2026-09-12,TUR,Eyupspor,Rizespor,Gol local 0.5,MARCA 1+,NO MARCA,0.7104820824182569,False,2026-05-03,20260916
2026-09-12,POR,Casa Pia,Porto,Gol local 0.5,NO MARCA,MARCA 1+,0.5177697679011044,False,2026-05-03,20260916
2026-09-12,ESP,Real Madrid,Vallecano,Gol local 0.5,MARCA 1+,MARCA 1+,0.9008388913589674,True,2026-05-03,20260916
2026-09-12,ENG,Bournemouth,Brentford,Gol local 0.5,MARCA 1+,MARCA 1+,0.8307459320637695,True,2026-05-03,20260916
2026-09-12,ENG,Sunderland,Arsenal,Gol local 0.5,MARCA 1+,NO MARCA,0.6591222956471389,False,2026-05-03,20260916
2026-09-13,ESP,Levante,Barcelona,Gol local 0.5,MARCA 1+,MARCA 1+,0.6671163384509015,True,2026-05-03,20260916
2026-09-13,POR,Famalicao,Sp Lisbon,Gol local 0.5,MARCA 1+,MARCA 1+,0.6598324648214083,True,2026-05-03,20260916
2026-09-13,ESP,Getafe,La Coruna,Gol local 0.5,MARCA 1+,MARCA 1+,0.7736237103259609,True,2026-05-03,20260916
2026-09-14,ESP,Villarreal,Betis,Gol local 0.5,MARCA 1+,MARCA 1+,0.8287739954119366,True,2026-05-03,20260916
2026-05-03,POR,Sp Braga,Estoril,Gol visitante 0.5,MARCA 1+,MARCA 1+,0.66707657991247,True,2026-05-03,20260916
2026-05-03,ENG,Aston Villa,Tottenham,Gol visitante 0.5,MARCA 1+,MARCA 1+,0.7128897425805555,True,2026-05-03,20260916
2026-05-03,ESP,Getafe,Vallecano,Gol visitante 0.5,MARCA 1+,MARCA 1+,0.7708011011597916,True,2026-05-03,20260916
2026-05-03,ENG,Man United,Liverpool,Gol visitante 0.5,MARCA 1+,MARCA 1+,0.8461401449784416,True,2026-05-03,20260916
2026-05-03,TUR,Karagumruk,Genclerbirligi,Gol visitante 0.5,MARCA 1+,NO MARCA,0.6502546534570834,False,2026-05-03,20260916
2026-05-03,TUR,Antalyaspor,Alanyaspor,Gol visitante 0.5,MARCA 1+,NO MARCA,0.734754613292835,False,2026-05-03,20260916
2026-05-03,POR,Casa Pia,Tondela,Gol visitante 0.5,MARCA 1+,MARCA 1+,0.6744118032630402,True,2026-05-03,20260916
2026-05-04,ESP,Sevilla,Sociedad,Gol visitante 0.5,MARCA 1+,NO MARCA,0.7440000061795008,False,2026-05-03,20260916
2026-05-04,ENG,Everton,Man City,Gol visitante 0.5,MARCA 1+,MARCA 1+,0.8505943187168153,True,2026-05-03,20260916
2026-05-04,ENG,Chelsea,Nott'm Forest,Gol visitante 0.5,MARCA 1+,MARCA 1+,0.7781259465187258,True,2026-05-03,20260916
2026-05-09,ENG,Liverpool,Chelsea,Gol visitante 0.5,MARCA 1+,MARCA 1+,0.8125327694367468,True,2026-05-03,20260916
2026-05-09,ENG,Fulham,Bournemouth,Gol visitante 0.5,MARCA 1+,MARCA 1+,0.7995302332325804,True,2026-05-03,20260916
2026-05-10,ENG,West Ham,Arsenal,Gol visitante 0.5,MARCA 1+,MARCA 1+,0.9011496498654514,True,2026-05-03,20260916
2026-05-10,ENG,Crystal Palace,Everton,Gol visitante 0.5,MARCA 1+,MARCA 1+,0.7963862297785029,True,2026-05-03,20260916
2026-05-10,POR,Alverca,Estoril,Gol visitante 0.5,MARCA 1+,MARCA 1+,0.7307781288486701,True,2026-05-03,20260916
2026-05-10,ESP,Mallorca,Villarreal,Gol visitante 0.5,MARCA 1+,MARCA 1+,0.7838846549140368,True,2026-05-03,20260916
2026-05-11,ENG,Tottenham,Leeds,Gol visitante 0.5,MARCA 1+,MARCA 1+,0.7754864612940177,True,2026-05-03,20260916
2026-05-11,POR,Rio Ave,Sp Lisbon,Gol visitante 0.5,MARCA 1+,MARCA 1+,0.9206448312251244,True,2026-05-03,20260916
2026-05-12,ESP,Osasuna,Ath Madrid,Gol visitante 0.5,MARCA 1+,MARCA 1+,0.8342994771972433,True,2026-05-03,20260916
2026-05-13,ENG,Man City,Crystal Palace,Gol visitante 0.5,MARCA 1+,NO MARCA,0.7049606026753859,False,2026-05-03,20260916
2026-05-13,ESP,Getafe,Mallorca,Gol visitante 0.5,MARCA 1+,MARCA 1+,0.7361434624612708,True,2026-05-03,20260916
2026-05-13,ESP,Espanol,Ath Bilbao,Gol visitante 0.5,MARCA 1+,NO MARCA,0.764392453068645,False,2026-05-03,20260916
2026-05-13,ESP,Alaves,Barcelona,Gol visitante 0.5,MARCA 1+,NO MARCA,0.9015674481737166,False,2026-05-03,20260916
2026-05-14,ESP,Girona,Sociedad,Gol visitante 0.5,MARCA 1+,MARCA 1+,0.6917672311631302,True,2026-05-03,20260916
2026-05-14,ESP,Valencia,Vallecano,Gol visitante 0.5,MARCA 1+,MARCA 1+,0.6874232825589314,True,2026-05-03,20260916
2026-05-16,TUR,Karagumruk,Alanyaspor,Gol visitante 0.5,MARCA 1+,MARCA 1+,0.6643588985004868,True,2026-05-03,20260916
2026-05-16,POR,Sp Braga,Estrela,Gol visitante 0.5,MARCA 1+,MARCA 1+,0.6022166379411165,True,2026-05-03,20260916
2026-05-16,POR,Arouca,Tondela,Gol visitante 0.5,MARCA 1+,MARCA 1+,0.6891147044746674,True,2026-05-03,20260916
2026-05-16,POR,Estoril,Benfica,Gol visitante 0.5,MARCA 1+,MARCA 1+,0.9195580958168061,True,2026-05-03,20260916
2026-05-16,POR,Moreirense,AVS,Gol visitante 0.5,MARCA 1+,NO MARCA,0.6297722485656513,False,2026-05-03,20260916
2026-05-16,TUR,Gaziantep,Buyuksehyr,Gol visitante 0.5,MARCA 1+,MARCA 1+,0.7854862977050769,True,2026-05-03,20260916
2026-05-17,ENG,Brentford,Crystal Palace,Gol visitante 0.5,MARCA 1+,MARCA 1+,0.7679567296753569,True,2026-05-03,20260916
2026-05-17,ESP,Osasuna,Espanol,Gol visitante 0.5,MARCA 1+,MARCA 1+,0.7053163743025443,True,2026-05-03,20260916
2026-05-17,ESP,Elche,Getafe,Gol visitante 0.5,MARCA 1+,NO MARCA,0.6124796755076356,False,2026-05-03,20260916
2026-05-17,TUR,Kasimpasa,Galatasaray,Gol visitante 0.5,MARCA 1+,NO MARCA,0.9018703252722444,False,2026-05-03,20260916
2026-05-17,TUR,Trabzonspor,Genclerbirligi,Gol visitante 0.5,MARCA 1+,MARCA 1+,0.5806589796354558,True,2026-05-03,20260916
2026-05-17,ESP,Vallecano,Villarreal,Gol visitante 0.5,MARCA 1+,NO MARCA,0.815715149798786,False,2026-05-03,20260916
2026-05-19,ENG,Bournemouth,Man City,Gol visitante 0.5,MARCA 1+,MARCA 1+,0.9033315977010175,True,2026-05-03,20260916
2026-05-19,ENG,Chelsea,Tottenham,Gol visitante 0.5,MARCA 1+,MARCA 1+,0.7350027930002271,True,2026-05-03,20260916
2026-05-23,ESP,Mallorca,Oviedo,Gol visitante 0.5,MARCA 1+,NO MARCA,0.6385169483626574,False,2026-05-03,20260916
2026-05-23,ESP,Espanol,Sociedad,Gol visitante 0.5,MARCA 1+,MARCA 1+,0.7635584935960547,True,2026-05-03,20260916
2026-05-23,ESP,Girona,Elche,Gol visitante 0.5,MARCA 1+,MARCA 1+,0.6264806180643377,True,2026-05-03,20260916
2026-05-24,ENG,West Ham,Leeds,Gol visitante 0.5,MARCA 1+,NO MARCA,0.7438634475577635,False,2026-05-03,20260916
2026-08-08,POR,Estrela,Sp Lisbon,Gol visitante 0.5,MARCA 1+,MARCA 1+,0.9389408540731842,True,2026-05-03,20260916
2026-08-08,POR,Guimaraes,Arouca,Gol visitante 0.5,MARCA 1+,MARCA 1+,0.7345107283328906,True,2026-05-03,20260916
2026-08-09,POR,Porto,Alverca,Gol visitante 0.5,MARCA 1+,NO MARCA,0.6497389001112505,False,2026-05-03,20260916
2026-08-15,TUR,Kasimpasa,Trabzonspor,Gol visitante 0.5,MARCA 1+,MARCA 1+,0.8236059693420608,True,2026-05-03,20260916
2026-08-15,TUR,Konyaspor,Rizespor,Gol visitante 0.5,MARCA 1+,MARCA 1+,0.7632936029360669,True,2026-05-03,20260916
2026-08-16,ESP,Espanol,Levante,Gol visitante 0.5,MARCA 1+,NO MARCA,0.8125426414338582,False,2026-05-03,20260916
2026-08-16,TUR,Besiktas,Eyupspor,Gol visitante 0.5,MARCA 1+,NO MARCA,0.6368173503242681,False,2026-05-03,20260916
2026-08-16,POR,Nacional,Estoril,Gol visitante 0.5,MARCA 1+,NO MARCA,0.8151639515943921,False,2026-05-03,20260916
2026-08-17,POR,Casa Pia,Benfica,Gol visitante 0.5,MARCA 1+,MARCA 1+,0.897013486578153,True,2026-05-03,20260916
2026-08-21,ESP,Betis,Sociedad,Gol visitante 0.5,MARCA 1+,NO MARCA,0.7793374983857867,False,2026-05-03,20260916
2026-08-22,TUR,Rizespor,Samsunspor,Gol visitante 0.5,MARCA 1+,MARCA 1+,0.6707916781217428,True,2026-05-03,20260916
2026-08-22,POR,Sp Lisbon,Alverca,Gol visitante 0.5,NO MARCA,MARCA 1+,0.6056832322424885,False,2026-05-03,20260916
2026-08-22,ESP,Espanol,Real Madrid,Gol visitante 0.5,MARCA 1+,MARCA 1+,0.6320824488243177,True,2026-05-03,20260916
2026-08-23,ENG,Man City,Bournemouth,Gol visitante 0.5,MARCA 1+,MARCA 1+,0.6908971341364811,True,2026-05-03,20260916
2026-08-23,POR,Guimaraes,Nacional,Gol visitante 0.5,MARCA 1+,NO MARCA,0.6419294967434037,False,2026-05-03,20260916
2026-08-23,TUR,Trabzonspor,Buyuksehyr,Gol visitante 0.5,MARCA 1+,MARCA 1+,0.7636953255068899,True,2026-05-03,20260916
2026-08-23,TUR,Alanyaspor,Besiktas,Gol visitante 0.5,MARCA 1+,NO MARCA,0.824590077759943,False,2026-05-03,20260916
2026-08-23,TUR,Eyupspor,Gaziantep,Gol visitante 0.5,MARCA 1+,MARCA 1+,0.7309440174646071,True,2026-05-03,20260916
2026-08-23,ESP,Elche,Barcelona,Gol visitante 0.5,MARCA 1+,MARCA 1+,0.6577589931441388,True,2026-05-03,20260916
2026-08-24,ESP,Osasuna,Levante,Gol visitante 0.5,MARCA 1+,NO MARCA,0.7865696093069618,False,2026-05-03,20260916
2026-08-24,ENG,Fulham,Chelsea,Gol visitante 0.5,MARCA 1+,MARCA 1+,0.8309370071677076,True,2026-05-03,20260916
2026-08-25,ESP,Valencia,Betis,Gol visitante 0.5,MARCA 1+,MARCA 1+,0.8593738546318466,True,2026-05-03,20260916
2026-08-26,ESP,Real Madrid,Sociedad,Gol visitante 0.5,NO MARCA,MARCA 1+,0.5162307635119845,False,2026-05-03,20260916
2026-08-27,ESP,Celta,Osasuna,Gol visitante 0.5,MARCA 1+,MARCA 1+,0.7131917974758557,True,2026-05-03,20260916
2026-08-29,ESP,Levante,Betis,Gol visitante 0.5,MARCA 1+,MARCA 1+,0.8573182078565315,True,2026-05-03,20260916
2026-08-29,POR,Alverca,Santa Clara,Gol visitante 0.5,MARCA 1+,MARCA 1+,0.7037225469808087,True,2026-05-03,20260916
2026-08-29,ESP,Sociedad,Espanol,Gol visitante 0.5,MARCA 1+,MARCA 1+,0.6941385937309537,True,2026-05-03,20260916
2026-08-29,TUR,Gaziantep,Rizespor,Gol visitante 0.5,MARCA 1+,MARCA 1+,0.7447546262023675,True,2026-05-03,20260916
2026-08-30,TUR,Buyuksehyr,Kasimpasa,Gol visitante 0.5,MARCA 1+,MARCA 1+,0.6245627803894296,True,2026-05-03,20260916
2026-08-31,ESP,Osasuna,Getafe,Gol visitante 0.5,MARCA 1+,NO MARCA,0.6516132507584519,False,2026-05-03,20260916
2026-08-31,ESP,Barcelona,Vallecano,Gol visitante 0.5,NO MARCA,MARCA 1+,0.538136725132418,False,2026-05-03,20260916
2026-09-03,ESP,Sociedad,Celta,Gol visitante 0.5,MARCA 1+,NO MARCA,0.5903433063389952,False,2026-05-03,20260916
2026-09-04,ESP,Betis,Real Madrid,Gol visitante 0.5,MARCA 1+,NO MARCA,0.8640879943102315,False,2026-05-03,20260916
2026-09-04,TUR,Buyuksehyr,Galatasaray,Gol visitante 0.5,MARCA 1+,MARCA 1+,0.8454982165452549,True,2026-05-03,20260916
2026-09-05,ENG,Fulham,Crystal Palace,Gol visitante 0.5,MARCA 1+,MARCA 1+,0.6506211855363322,True,2026-05-03,20260916
2026-09-05,ENG,Brighton,Leeds,Gol visitante 0.5,MARCA 1+,MARCA 1+,0.7549497437987776,True,2026-05-03,20260916
2026-09-05,ENG,Nott'm Forest,Tottenham,Gol visitante 0.5,MARCA 1+,NO MARCA,0.5528629257812233,False,2026-05-03,20260916
2026-09-05,POR,Sp Lisbon,Nacional,Gol visitante 0.5,NO MARCA,NO MARCA,0.5714299079269042,True,2026-05-03,20260916
2026-09-05,TUR,Fenerbahce,Besiktas,Gol visitante 0.5,MARCA 1+,MARCA 1+,0.68940263775408,True,2026-05-03,20260916
2026-09-06,TUR,Trabzonspor,Genclerbirligi,Gol visitante 0.5,MARCA 1+,NO MARCA,0.5045602210420407,False,2026-05-03,20260916
2026-09-06,ESP,Espanol,Sevilla,Gol visitante 0.5,MARCA 1+,MARCA 1+,0.7386117964401747,True,2026-05-03,20260916
2026-09-07,POR,Estoril,Arouca,Gol visitante 0.5,MARCA 1+,NO MARCA,0.7351529516615403,False,2026-05-03,20260916
2026-09-07,TUR,Rizespor,Alanyaspor,Gol visitante 0.5,MARCA 1+,MARCA 1+,0.7223445669196875,True,2026-05-03,20260916
2026-09-07,ESP,Elche,Sociedad,Gol visitante 0.5,MARCA 1+,MARCA 1+,0.7099666925374061,True,2026-05-03,20260916
2026-09-07,TUR,Goztep,Gaziantep,Gol visitante 0.5,MARCA 1+,MARCA 1+,0.6605851676331433,True,2026-05-03,20260916
2026-09-11,TUR,Besiktas,Erzurumspor,Gol visitante 0.5,MARCA 1+,NO MARCA,0.6541373560213953,False,2026-05-03,20260916
2026-09-12,ENG,Aston Villa,Nott'm Forest,Gol visitante 0.5,MARCA 1+,MARCA 1+,0.7177230025536623,True,2026-05-03,20260916
2026-09-12,TUR,Alanyaspor,Goztep,Gol visitante 0.5,MARCA 1+,MARCA 1+,0.6231546196965069,True,2026-05-03,20260916
2026-09-12,TUR,Eyupspor,Rizespor,Gol visitante 0.5,MARCA 1+,MARCA 1+,0.6907799843572862,True,2026-05-03,20260916
2026-09-12,POR,Casa Pia,Porto,Gol visitante 0.5,MARCA 1+,MARCA 1+,0.9196456899305213,True,2026-05-03,20260916
2026-09-12,ESP,Real Madrid,Vallecano,Gol visitante 0.5,MARCA 1+,MARCA 1+,0.5503799659145454,True,2026-05-03,20260916
2026-09-12,ENG,Bournemouth,Brentford,Gol visitante 0.5,MARCA 1+,MARCA 1+,0.749204205453533,True,2026-05-03,20260916
2026-09-12,ENG,Sunderland,Arsenal,Gol visitante 0.5,MARCA 1+,MARCA 1+,0.8886229878316921,True,2026-05-03,20260916
2026-09-13,ESP,Levante,Barcelona,Gol visitante 0.5,MARCA 1+,MARCA 1+,0.9103802576117406,True,2026-05-03,20260916
2026-09-13,POR,Famalicao,Sp Lisbon,Gol visitante 0.5,MARCA 1+,MARCA 1+,0.8729960362735334,True,2026-05-03,20260916
2026-09-13,ESP,Getafe,La Coruna,Gol visitante 0.5,MARCA 1+,MARCA 1+,0.569378003261504,True,2026-05-03,20260916
2026-09-14,ESP,Villarreal,Betis,Gol visitante 0.5,MARCA 1+,MARCA 1+,0.7466848998977447,True,2026-05-03,20260916
